{"project_info":{"project_id":"beatmyrun-1121","project_number":"1096300188906","name":"BeatMyRun"},"client":[{"client_info":{"mobilesdk_app_id":"1:1096300188906:android:b32612dab67671d6","client_id":"android:edu.rutgers.cs.rahul.helloworld","client_type":1,"android_client_info":{"package_name":"edu.rutgers.cs.rahul.helloworld"}},"oauth_client":[{"client_id":"1096300188906-qfnj229ct0bfrt1ck70f5c8sbv7106lp.apps.googleusercontent.com","client_type":1,"android_info":{"package_name":"edu.rutgers.cs.rahul.helloworld","certificate_hash":"3872F5562F9B48706AC51CC3B17687483038DFB0"}}],"api_key":[],"services":{"analytics_service":{"status":1},"cloud_messaging_service":{"status":1,"apns_config":[]},"appinvite_service":{"status":1,"other_platform_oauth_client":[]},"google_signin_service":{"status":2},"ads_service":{"status":1}}}],"client_info":[],"ARTIFACT_VERSION":"1"}